{
  "win_sec": 1.0,
  "hop_sec": 0.2,
  "n_channels": 128,
  "mu": [
    11.59105110168457,
    9.878406524658203,
    10.328997611999512,
    9.120353698730469,
    11.253274917602539,
    11.63849925994873,
    9.866942405700684,
    11.051461219787598,
    8.297008514404297,
    12.418512344360352,
    9.058897972106934,
    11.439416885375977,
    10.741979598999023,
    14.521029472351074,
    12.922048568725586,
    10.24396800994873,
    8.914294242858887,
    11.681570053100586,
    10.907275199890137,
    13.14431095123291,
    8.148244857788086,
    11.494715690612793,
    11.812454223632812,
    13.455354690551758,
    10.925699234008789,
    10.261351585388184,
    11.39702033996582,
    11.543335914611816,
    11.922893524169922,
    11.443760871887207,
    13.015037536621094,
    14.016149520874023,
    7.747174263000488,
    12.594842910766602,
    11.909378051757812,
    7.2119975090026855,
    13.263155937194824,
    8.323452949523926,
    8.455541610717773,
    7.973237037658691,
    7.204004287719727,
    7.875836372375488,
    12.467690467834473,
    8.958212852478027,
    10.339943885803223,
    7.557402610778809,
    9.538158416748047,
    8.483641624450684,
    11.183781623840332,
    7.133673667907715,
    10.433164596557617,
    8.844592094421387,
    8.923500061035156,
    7.96620512008667,
    8.653528213500977,
    8.53433895111084,
    9.509475708007812,
    8.507935523986816,
    9.466150283813477,
    8.449849128723145,
    10.686996459960938,
    11.265334129333496,
    9.045527458190918,
    6.817300796508789,
    6.689774513244629,
    6.145393371582031,
    6.824619770050049,
    10.828142166137695,
    7.754117012023926,
    6.602213382720947,
    7.713028907775879,
    8.215834617614746,
    6.615586757659912,
    7.643682956695557,
    13.27622127532959,
    6.669234275817871,
    9.331873893737793,
    7.378403663635254,
    14.4357271194458,
    8.467218399047852,
    8.288980484008789,
    7.30750846862793,
    8.287364959716797,
    9.922209739685059,
    8.556044578552246,
    7.3731889724731445,
    7.7072272300720215,
    9.718907356262207,
    9.884326934814453,
    9.60474967956543,
    10.389497756958008,
    6.9101762771606445,
    7.162726402282715,
    8.074913024902344,
    7.282196521759033,
    6.8128790855407715,
    11.042506217956543,
    14.838348388671875,
    15.890942573547363,
    16.073528289794922,
    15.038701057434082,
    14.772149085998535,
    13.515422821044922,
    12.899405479431152,
    16.092777252197266,
    14.113094329833984,
    14.301054954528809,
    13.688636779785156,
    13.55457592010498,
    14.701200485229492,
    14.385494232177734,
    14.318863868713379,
    13.255569458007812,
    16.65702247619629,
    15.298924446105957,
    15.705066680908203,
    14.767049789428711,
    14.167932510375977,
    14.727066993713379,
    14.356231689453125,
    15.787500381469727,
    15.224804878234863,
    14.449970245361328,
    16.374584197998047,
    14.44031047821045,
    16.34316635131836,
    17.75783920288086,
    15.874133110046387
  ],
  "sd": [
    2.295417070388794,
    2.4173779487609863,
    2.1571717262268066,
    1.7857345342636108,
    2.1266825199127197,
    2.5573859214782715,
    1.9435631036758423,
    2.322336435317993,
    1.5579495429992676,
    2.9884939193725586,
    1.8566631078720093,
    2.4183318614959717,
    2.54866623878479,
    3.7777645587921143,
    2.775940418243408,
    3.105243444442749,
    1.5336366891860962,
    2.962717056274414,
    2.2592172622680664,
    3.150923728942871,
    1.4829438924789429,
    2.95041823387146,
    2.6285316944122314,
    3.3004038333892822,
    2.2750115394592285,
    2.717508554458618,
    3.0820472240448,
    2.7479591369628906,
    3.0210213661193848,
    2.6063671112060547,
    2.5513336658477783,
    4.02040433883667,
    1.141275405883789,
    2.0621321201324463,
    2.9294564723968506,
    1.150164246559143,
    2.8290042877197266,
    1.374693751335144,
    1.4242746829986572,
    1.4314059019088745,
    1.2406392097473145,
    1.3509142398834229,
    3.570950746536255,
    1.3432406187057495,
    1.8569117784500122,
    1.2990695238113403,
    1.8134721517562866,
    1.493613600730896,
    1.9142686128616333,
    1.146699070930481,
    2.3703083992004395,
    1.6005362272262573,
    1.3707201480865479,
    1.2295666933059692,
    1.5323220491409302,
    1.3216123580932617,
    1.6461201906204224,
    1.5304858684539795,
    1.7984682321548462,
    1.3139166831970215,
    1.7378005981445312,
    2.666189432144165,
    1.6675233840942383,
    1.1786460876464844,
    0.8978329300880432,
    0.8786783218383789,
    1.0026882886886597,
    1.748680591583252,
    1.2871711254119873,
    0.987382173538208,
    1.297606348991394,
    1.4090956449508667,
    0.99463951587677,
    1.3265303373336792,
    2.5337157249450684,
    1.0256810188293457,
    1.5955352783203125,
    1.2661468982696533,
    3.0915517807006836,
    1.3657108545303345,
    1.5020674467086792,
    1.2283656597137451,
    1.4679619073867798,
    1.7103818655014038,
    1.4178885221481323,
    1.094825029373169,
    1.3659204244613647,
    1.788408637046814,
    1.8422589302062988,
    1.4559636116027832,
    2.222956895828247,
    1.1091861724853516,
    1.1604641675949097,
    1.2941646575927734,
    1.2301390171051025,
    1.1781433820724487,
    2.9592549800872803,
    4.350594997406006,
    4.80546760559082,
    4.463143825531006,
    4.697149753570557,
    4.573112487792969,
    4.312430381774902,
    3.698021411895752,
    4.987213611602783,
    3.7635300159454346,
    3.653120517730713,
    3.56013822555542,
    3.9294323921203613,
    3.469118356704712,
    3.2591516971588135,
    6.601891994476318,
    3.6630008220672607,
    5.33308744430542,
    5.594864368438721,
    5.355590343475342,
    6.060047149658203,
    5.555832862854004,
    6.958134651184082,
    7.307873725891113,
    7.063528537750244,
    7.685699939727783,
    7.1056904792785645,
    8.73266887664795,
    6.890328407287598,
    9.164868354797363,
    6.500041484832764,
    5.948221683502197
  ],
  "labels": [
    "Back",
    "Down",
    "Enter",
    "Left",
    "Right",
    "SILENCE",
    "Up"
  ],
  "label2id": {
    "Back": 0,
    "Down": 1,
    "Enter": 2,
    "Left": 3,
    "Right": 4,
    "SILENCE": 5,
    "Up": 6
  },
  "model": "GRU(128,64)->Linear(7)"
}